ensembl_gene_id	HPSI0114i-bezi_1	HPSI0114i-bezi_3	HPSI0114i-eipl_1	HPSI0114i-eipl_3	HPSI0114i-fikt_3	HPSI0114i-iisa_1	HPSI0114i-iisa_3	HPSI0114i-joxm_1	HPSI0114i-kolf_2	HPSI0114i-kolf_3	HPSI0114i-lexy_1	HPSI0114i-lexy_2	HPSI0114i-oevr_3	HPSI0114i-rozh_4	HPSI0114i-rozh_5	HPSI0114i-vass_1	HPSI0114i-veui_3	HPSI0114i-zapk_2	HPSI0114i-zapk_3	HPSI0114i-zoxy_3	HPSI0115i-aion_2	HPSI0115i-aion_3	HPSI0115i-aoxv_1	HPSI0115i-aoxv_3	HPSI0115i-bimq_4
ENSG00000235912	2.57865191687534	1.34313181112589	2.34146993511686	2.942800419888	2.37655951082193	1.5568994759656798	2.4170927307295003	0.9157675664758621	2.42259989882106	2.8193727593797098	1.4916366918487	2.2411788406282	2.7847205939545097	0.86918654451888	2.79151601463679	2.62196939279072	2.15986449521958	1.98202875672228	2.9421819739899098	2.89277396496042	1.6391062520124502	2.24841198631204	2.27537223769741	2.16727001540799	3.66715348031794
ENSG00000263675	3.16319272892406	3.0665490551516004	3.42809552104815	3.17421918196334	4.0960087473591695	3.3677345862730403	4.07685192268759	2.73856556315606	2.71864548380841	4.16703290526277	3.27768355695567	2.8000263199554505	2.6749326016838904	3.53367524875031	2.6816370256136404	2.51449198259888	4.0478790483762594	3.0145619071957404	3.34610573822273	4.4307072817232305	3.61806831051724	3.03616272794258	2.34973524465434	3.60567496825487	3.29455351956591
ENSG00000236624	2.56244072074878	2.4441694747267797	2.91000019556625	2.6281566520040096	2.6981386185610403	2.50242544320316	2.6481836418554803	2.8050751007372003	2.9300369768937005	3.6914596137385	3.45541107328656	3.25808442886343	3.3507064425646402	2.39506051386806	2.6562365169285496	3.70644285611812	2.9018716688404	3.2520496209440695	3.50795109904312	3.2141609699464304	3.07256385628465	3.05578685387222	2.6463838874310297	2.54171612952799	3.06752204373092
ENSG00000223416	3.0562007580019905	2.7941156117644304	1.69800386395507	3.21779148762427	2.23308405077373	3.3374667740065895	2.83967142365321	3.2934561796880097	3.12102569871057	2.25110767703359	1.99974814686343	3.42887820747021	2.23711822578808	3.20309425585575	3.433564246157	3.05567669409995	3.34853707212466	3.1920775468930698	3.06649487132458	2.93519396488567	3.31397964031927	3.5045223375711503	3.49098946315996	4.06461005039621	2.1435452104045303
ENSG00000172456	3.3247783383074703	2.95440456273916	3.2894986569011198	3.1557720601042	3.0331356000924803	2.97354393383065	2.95728619853553	3.33237466213148	2.5458645821378196	3.0461000142765498	2.85912034043998	2.68465389874911	3.3407069239198304	2.9063789783397698	2.9982709525220494	2.82927940215087	2.91112288955591	3.1849229919050495	3.3146491013517005	3.23941411736101	3.28311937803924	3.27048242936067	2.97946728160277	2.9090936028635603	2.96170940473239
ENSG00000154027	2.72078246483566	2.34340779599594	2.28338546745239	2.7313134873030496	3.0055438625035205	2.91153875613183	3.0105202675688703	2.4540506692177595	2.99970441495067	3.28483744115309	2.8755059195207404	2.29477818262211	2.7493373544753905	2.81465667726771	2.44985192420852	2.7141087441085396	2.88638962676261	3.5771318952659703	3.5758342688022404	2.26047859193626	3.47728830135109	2.22864482952728	2.56203321179879	2.4824141625547598	2.54955169572811
ENSG00000227034	1.79793828522334	3.17599212670907	2.26275958314412	2.5843004530235203	2.25065488363384	0.787009638818409	2.08509633088502	1.2170347742231598	0.0	1.43153642913607	1.23497363011178	1.6270214529644298	1.5291607471656201	1.5123211878252598	2.26098666624868	1.9074063875798002	2.6282714717864	2.82001370094346	2.5837080938260897	2.67844529985681	3.0657013291365405	1.9270424486201998	2.4072341129774304	2.29657701008051	2.03066426482205
ENSG00000223380	3.0641252236568	3.12156909599864	3.3852507022830296	3.4345724873913404	2.6466721719627997	3.2550529429900403	3.32857255518108	3.1020351123134904	3.5526034195814105	2.92670569053828	3.02895270433882	3.5588509872886003	3.15171262340022	3.2765218202095	3.3465284160521502	3.3818269274466903	3.13782968126648	2.93967751415442	2.9290336355425204	2.87785994406345	3.00151457004722	3.21969983734748	2.7413244904294105	2.74224316114797	3.02240108214161
ENSG00000182217	1.99297202468725	2.77444671297195	2.40154241211785	2.38095765770566	3.2259418219158595	3.7516820562254702	2.49837998662078	2.2705922750125698	4.15028311832815	2.46265708185646	2.67771620173539	4.07832395873225	3.9803586427494104	2.39120304409508	4.0944332771442005	2.92275033972993	1.47596194076684	2.36949867078634	1.24709675471303	3.03210987030746	2.3785221469067404	2.96032279409684	3.4846462674071903	3.6482586951342006	3.6632578491257
ENSG00000184678	3.4718761488490997	3.21676134468634	3.53964211942254	3.54695551532531	3.26589720418845	3.4679166870779996	3.11423311535674	3.43314006076006	3.21524041749718	3.44318673870164	2.6779710762652202	2.63970570424775	3.54658007319537	3.09895576619361	3.42233115654228	3.0777730195841495	2.36019223776531	3.2915623341881504	3.7324130732157403	3.81195970301548	3.46540931145972	3.16526897467398	3.42381953526686	3.2394329847595205	3.9043118493722497
ENSG00000143198	5.395127043897849	5.23367585393992	5.565069501763929	5.663901934029781	5.2057341858543	4.99307834696838	4.8899322772617	4.85851104638629	5.23605366542156	4.96321788494766	5.17342410067777	5.13412253080258	6.44353029209384	5.07624550052526	5.3386129605408295	5.26230671472905	4.6677558688472995	5.0759861879750705	5.123047100308161	4.9970892180893705	5.2126998036867	5.5636944204427	5.13578424021468	5.2014576831402195	5.0836857997637095
ENSG00000162817	4.863954749384059	4.75165942864748	5.25077138759661	5.702711702291559	4.909778408389389	4.9072994259635	4.65197386650099	5.000990876704179	4.061987084873951	4.99876646798727	4.976357496429929	4.650579034085959	5.88484750701141	5.076296172918241	4.63793418749368	5.276035934250269	4.80769964092597	4.7624541204022	5.04069654588487	5.4105220973665	4.89673434899208	5.2818537786328	5.06856608363125	5.09439345223959	4.97100114552083
ENSG00000197769	4.459834965440059	3.8930260162563104	3.26163470748358	2.9105890552012403	4.74854020075905	2.39480390132041	2.2713751382071297	5.1754796791290705	3.0648528383895295	4.57034281136068	3.4985279185687297	2.11451664975458	4.051730089633669	3.8904818974513704	3.81336925323573	4.22552763170917	2.54736485308009	4.112287182525519	4.0988705466118995	3.6569793112001605	3.9149351745481096	2.46192974909807	3.35830315530746	3.1450325561123997	4.008699654903831
ENSG00000054282	3.60287992863089	3.2379878204412202	3.55150081934532	3.60006713288675	3.5232335462350397	3.2264337592159102	3.16754479613287	3.45746246690135	3.41091438717884	3.38582291834859	3.59474822682536	3.1465572111194997	4.06667475228698	3.1943387889962	3.8465231282516497	3.17070140628772	2.9201286348531403	3.65094982321713	3.80212136260809	3.3615531714798794	3.48404175051289	3.97214922280949	3.89650626209923	3.70991821726377	3.2767752096063196
ENSG00000204685	2.55479997197965	3.0637663121946206	3.1195683557326097	2.3632118811978	3.16388832113523	2.67479617104296	2.41276101298801	2.97334939145992	2.5086324143262897	2.60662619195697	2.91595533087444	2.89167849125421	3.1339902934398403	2.9257318865901	2.37717878416852	2.6745601818777596	2.03193208609899	2.39960455487613	2.3023006591901	3.46703676618718	2.50569811665242	2.5495658812251603	2.5195089220430096	2.62838670937465	2.8459196403582103
ENSG00000214077	3.47811853187311	3.50736427817792	2.9237966941221805	3.0394698456322797	3.74133501780804	3.72596914318203	3.4055393415096598	3.3579637371956497	3.19565020092523	3.21921007711626	3.16812342228969	3.8990889548127203	2.9938691379055897	3.19866809502729	3.1811752302836096	3.36144801430162	3.2650813695901095	3.2268173627000203	3.4776820099177996	3.8524219631055403	3.0629773525400696	3.0977546375178795	3.08543304132635	3.12915287502172	4.25448620093803
ENSG00000079150	3.87716829996906	3.32975697534966	3.6336705315071702	3.39758038193069	3.21907241026094	2.9485142948658596	3.0939403459625	3.7179460469081302	3.50224572315796	3.5792534801315297	3.3985118875282003	3.3392921391645096	3.81920585857076	3.6723030701151496	3.3770948314684905	3.929196653031	3.5028284162366803	3.5387536676414104	3.31191618647847	4.01563397299686	3.53482349291536	3.3325630975319505	2.8768616125924504	3.47997412166156	3.43665711537034
ENSG00000231689	0.58507429977489	0.9465660430502951	1.15520997315356	2.96530000860425	1.33214592873215	0.7927163854904442	2.4810526647695403	1.8240043600959501	3.45924643021226	4.31910800226203	2.31119569061521	2.7273751472982997	0.0	0.0	1.41099826473634	2.22218788615382	0.7029274340278431	4.34750685366748	3.67946643555677	2.8917929211505897	1.3152472048148998	0.747602617228506	4.21518787383898	4.18614718162261	1.52055371262126
ENSG00000114948	5.42493681827294	5.06051027548532	5.72121800640237	5.32358823160161	4.99468876111215	5.12527943713296	5.304955041858481	5.36207234882648	4.85536775781496	4.86485855003065	4.90046887257101	4.86034757270588	5.428608124138651	4.992659570789559	4.59022833579574	5.442378498304691	5.06612224176505	4.696839939362389	4.50013787697067	5.52025459460526	4.6726642425573	5.05357378086274	4.6990267436775195	4.88432653625567	5.0924291992748305
ENSG00000135931	4.50980963156517	4.20026773339924	4.25795299899077	4.31436685676749	4.34467697161839	4.33939014490601	4.38923720437286	4.36421556066752	4.29680358798972	4.37284939680488	4.37037324168356	4.49932266427878	4.26672202612394	4.16240625015412	4.35591995960279	4.21129644413746	4.60551385674004	4.08079478382587	3.9331517250883197	4.32088263880486	4.40239975847242	4.4806424889058	4.16788435330432	4.0362370239641	4.35649695836294
ENSG00000144455	3.36389066862946	3.42520282473652	3.31211668818712	3.6987542720998903	3.59065410723507	3.47393053040919	3.4708882061642496	3.18660197767684	3.63725462606026	3.26875567186512	3.3158869844575696	3.82298632161893	3.68150450336853	3.43520952846529	3.4841055093489506	3.8321575976824396	3.22257723806578	3.3659454008878398	2.9982270236834903	3.4833707746157496	3.30129640687117	3.40805095371067	3.2297194534953797	3.09117132383478	3.3318995726499105
ENSG00000144559	4.63072951564483	4.429308653999629	3.8852055618389203	3.73346604766489	4.09026597472838	4.04562349724595	4.15866850794073	4.1213892630793705	4.448377641437441	4.33213249180141	4.28082564195608	4.41853457963267	4.036354266171649	4.1512674184912095	4.11632163783539	4.08675624180184	4.3473845759057	4.08871567194464	3.90885552779168	4.14676754376603	4.3772431821727995	4.25472388497613	4.26259233539392	4.341498395411089	4.04285656579734
ENSG00000228350	2.08685303777511	2.95891897646637	1.5813906322753701	2.09634838842891	0.0	2.5251740945484	2.5508573214351498	2.4174869364844	2.61514012967617	3.30777323415451	2.4430078149598997	3.0537209699549197	2.35670913807485	2.08374114511825	1.8019296736776298	0.7836872355832041	2.52534572863219	1.2899136095293602	2.50539824898926	0.8375203014648929	1.61897646548573	2.22497630160178	1.52677820117995	2.7443285256654	2.82161210864702
ENSG00000212493	4.74129402889445	4.35960033396373	4.74657917256255	4.4755704743974905	3.92664130400809	3.58108190932004	4.76895124956242	3.0891236736738596	4.933320055647231	5.22308758373908	4.42396964094924	4.462791011458379	4.63006504133305	4.60527010507095	3.9388535033889402	3.75254955160203	4.21950187510354	4.30335991555692	4.93849318748952	4.565805975048231	3.6939880373410805	2.87885164211617	3.77119343323412	3.64410513908647	4.2090241301020805
ENSG00000152977	0.40860054866747797	0.7416412010478329	7.291932257209459	7.05728113985097	1.3701773757833302	0.63031677335989	1.85763612418881	0.23275158359005899	0.6916941231342759	1.20365299497035	0.385946423041414	0.211318114412607	0.927643084348437	1.92537545516083	1.40446200160937	2.034217977577	3.4874840666356404	0.321585120992078	0.5440360200763571	1.1676717826672298	1.07970478771786	6.80570150793534	5.45534149251946	4.4560376603444505	5.23820972827857
ENSG00000078070	5.3021452682489	5.29320801652187	5.22938919149876	5.3396098513327805	5.06897895041157	4.98352456852412	5.15863816561598	5.4535633965569605	4.70684208768332	4.97979527590576	4.91397014985772	4.79878569839088	5.4410527410794804	5.25858255419852	5.31622187499176	5.37337543140545	4.52803506346794	5.66636059627763	5.287915585429491	4.8519718576234405	5.34309075317349	5.0677953730645005	5.445761888892321	5.25296912090422	5.293049347205679
ENSG00000109743	1.6491107673800303	1.52684676561373	2.02850166833798	1.82046597448564	1.84536944815854	1.8591136828238701	2.2128489761664705	1.74070289094184	2.36703795135194	2.33624892096883	1.8353297289651298	2.31121562446576	1.75949005556182	2.54760270006929	2.5081439464991497	2.20372022279345	2.13652813758692	1.92749759059884	1.6849661711651698	2.2874909365724503	2.10950751947248	2.08371078315346	2.15860743829017	2.15365760780959	2.1993832305491496
ENSG00000152208	5.21919452826397	4.2277611797701	6.02422970797155	5.85637108458204	5.22896882186967	4.3219455809785	4.41030615784592	5.68065322101894	5.60249852068166	5.755951530157139	4.46203475092163	5.374628616908151	4.924779035485661	5.435087756200299	5.70779889653793	5.82551116036275	4.52076633684635	6.5078750051585805	6.31510600505226	5.3411695103723895	6.24218638584941	7.19346200461601	4.715421155389651	4.25939109333969	4.706573779579861
ENSG00000172007	5.0610502709443	4.7658679080372695	4.59608577079072	4.20171540929705	5.038372911672259	4.29119482885754	4.464385221381519	4.6164215026188495	4.29177133080812	4.67538283625506	4.51294952301554	4.33244218621706	4.87185249629626	4.757124003305701	4.623743118613651	4.7722127312849105	4.45646215956843	5.04182375735821	5.1513210509825305	4.67826848264759	5.35470141061283	4.90254001890754	4.79922924380096	4.67056189740878	4.40887900909404
ENSG00000228981	4.41892261702915	4.55945179135442	5.9631215644363404	6.03049003121302	4.0250035268684	4.5851057818799	4.3569311630404	3.90040850100278	4.50173924596358	4.50672744688708	4.379228274662379	4.51493484642946	4.20496184564936	3.9184259056169397	4.32773762793863	4.583920507723179	4.21246684360085	4.437219431698099	4.7488035408617995	5.50079480246994	2.37135468670519	2.48904493984627	4.760236011493951	4.532003733279139	4.54979862918676
ENSG00000245213	2.7585337606539904	2.19959982496668	3.1423283132521598	2.7385191739415697	2.70028476309111	2.6590397540846897	2.3709398989690698	3.022969751441	1.99437391399151	2.60783438047833	2.22289347750638	2.0104968832207097	2.70461999118958	2.80457391905976	2.6123630164562	2.24431783191931	1.6307271935457	2.61625844814342	2.53426679398847	2.6585847676619	2.7108686668315296	2.58640202635066	3.34010082565234	3.1748644584601897	2.9978106310919905
ENSG00000179059	7.50124375242289	8.00550190798813	7.07432128918604	8.59344169705394	8.578095017555981	8.84347599258693	8.773186361852419	7.94078961736418	9.28561696144288	8.58191395524713	8.41769748300119	8.887579162169631	8.19455058433383	8.63377602190863	8.59250391788134	8.62535518402956	8.233678148149579	8.36481510670878	8.04590059922689	7.7886351094674895	8.73373853754789	8.82325373018595	8.5944833232055	8.56535989967909	8.229367631651451
ENSG00000188002	4.090786890222	4.07709082393205	3.22633774817881	2.95024292928258	3.38252123891841	4.43048133387732	4.02593619912765	4.21794139745353	4.23442380095684	4.539799345217	3.8781079584884197	3.8537392131445496	4.49919553802652	3.3637958665136405	3.1571892803484904	4.64167225676441	4.12367638878373	4.28716462257206	4.25947250413868	4.56941609686438	4.184227709107089	4.040857924710201	3.5264950961428796	3.4058744039904796	4.3372922127134
ENSG00000238961	1.1065813485605	1.6500545552443702	1.93736080313549	2.76904011977682	3.906974189709	3.1869139892257703	3.26722839724991	2.23280705970575	2.21437048779168	3.52814825507483	1.81604759540043	2.28980846962816	1.74061577300276	1.7225513881155101	2.78382898431131	2.02656086732433	2.2812074212336	2.8394614182094	2.6588653456996	2.12207707069548	1.97901212136861	1.62660004599515	1.4758308558334499	1.3892095736742902	1.54382322045847
ENSG00000113209	1.06774676946983	1.08258596083876	2.05672578754951	5.032603473300799	4.44569889732051	5.650920141718579	5.25657772221366	4.6115587544239505	5.76562150691765	4.302058789744991	2.2185046947246496	1.7404735701987901	0.9604405486418579	1.9418488052790799	1.08336599524279	1.93526460186523	4.81759361575843	3.84912684308344	2.48793862490841	0.5108846791206351	4.95917682583121	4.85692795004897	5.76374923516968	4.72635853780867	4.79749892840784
ENSG00000236714	3.67126042396061	4.49627369816334	2.1950283751956	2.7219433755711697	4.45581870990436	4.01520695262435	3.33650892990615	3.36225228193055	4.1513794902465895	3.62176165454067	3.42231107976293	4.829662460491081	3.0011699214366	4.1550183401959595	3.79994503018112	3.70870153081567	2.38614888093859	4.513601006503309	4.398082384393139	4.4202138759862	3.78935248548935	3.94120461960553	2.82766753130804	3.63090672953753	4.14746979395891
ENSG00000252202	3.21563002348176	1.34313181112589	2.34146993511686	2.1191940791307102	2.9464969057981802	2.2881863602898798	1.16367105346294	3.01659976575632	2.16642322588656	2.8193727593797098	2.6862168836325697	0.0	2.1264130644966297	0.0	0.0	1.30632862334478	3.42121530808967	3.06629683253391	2.26915770508996	2.5410757510025697	3.24167434046503	2.45993370563575	3.11810229953291	2.7696752330507897	2.70210933008364
ENSG00000238386	1.81818830227974	3.00474449436194	2.8478251860380603	0.0	4.23955075808474	2.79058680029518	1.53103531485352	3.85894346436614	0.0	3.3550279640609904	3.2147132453530403	2.7399574347157096	2.61579489119198	1.81527271030173	0.0	0.0	3.2413965079427203	2.9530713680278504	1.96746127455703	2.55991755652887	2.89624971717695	2.97454034472004	2.77679793771585	2.6600902224585297	1.6313862343455499
ENSG00000081087	5.081026157935139	4.697028863823999	5.07669553647373	4.87622210439378	4.8229170660712	4.48728382068961	4.67657032474692	4.88801600401149	5.12402540313881	5.154786199364571	4.6178834224194505	4.50296266694884	5.27831287787976	4.5819608147542805	4.65161379850092	4.7746100596679195	4.82095426213767	4.881870359226809	4.453095795926321	5.16260843257734	4.9166439399192	5.33690195864757	5.378641155708291	5.13674678540029	5.019056116404831
ENSG00000236761	1.61388132012835	2.36681641539623	1.3570391067771501	1.07066614721897	1.6813575982353701	1.09493639540527	1.51550277153069	0.77655824400262	3.0590550021201004	2.18388976364338	0.8962219753768229	1.28151574202134	1.23493100141219	2.6596172896558703	2.1784552728148703	2.31763652874798	3.0449922386398	1.41784711666165	1.38191791846507	1.4657943121538999	1.5395110876481297	2.60926825927776	2.97835206064037	2.85044763082301	2.7306529359116
ENSG00000221740	1.65573547351089	3.16605008514747	2.6502243237150096	0.0	3.81299763961686	1.8154204163400802	2.07655619948608	2.9820149720448796	1.70628472770721	2.78551074157657	3.6728801970022005	3.41578750742581	3.2830621151418797	0.0	2.4306111185510697	1.5415478183426399	2.6780644683829102	2.2713218535707798	2.5743959682715603	2.85863139070059	2.69752079817746	2.29088074099268	2.1117460728552198	3.0958701617879396	1.47831170542144
ENSG00000175600	3.06343040907525	2.4102403308270897	3.40975293179573	3.8269779070766803	2.71399224779147	2.46426963795904	2.5300442265005003	2.77233249590779	2.54885151420329	2.9109172521802997	2.81907254196942	2.7076484523276902	3.25576185219774	2.7916315765915205	2.31692055536938	2.96622653296	3.1957608533591904	3.1393008733878602	2.99965117415515	3.30654303185125	3.01570792400809	3.07446600828434	3.2621433999105496	3.28017335354898	2.6557990629924504
ENSG00000201772	2.9946880236810696	3.2654754417339302	3.2558183115181	3.7959536539789904	3.00926343329135	2.34564924047787	4.05690141282064	2.85049522220393	3.58521447295142	3.9872241196454303	3.1074643120473797	3.8136291446359403	2.51544551472069	3.51430314488075	2.52200476814333	4.04297904438023	3.66301231788131	2.84849244846811	3.37431335272058	4.06716529536799	3.5688741468069	2.86972384500808	3.1818951928146295	2.91163130550674	2.28074517676327
ENSG00000223473	2.64737976444321	2.6229736917462203	2.1117741949804802	2.3496112557844104	1.71490506410099	1.55509806674767	2.30417397552533	2.46072371925112	1.88401911208835	2.50405091393802	2.39917033844067	2.47674932824713	1.96412801178851	2.57299156152568	1.9123531609884599	2.07313152311193	2.1779561277552597	2.47280392918817	1.91580086529778	2.64350772622088	1.88220649402831	1.1541125650875002	2.1652436688568	2.35580137698612	1.3918489604345
ENSG00000232559	5.35748011334519	5.65945301746022	5.1708422552088	5.20910211725693	5.32622153824296	5.4261120347642695	5.5716322896264305	5.30441503220964	5.816593384758481	5.44142053989458	5.34787441954341	5.65130135027313	4.47442558481108	5.47658318533749	5.56230413061988	5.7532817703380195	5.856648914544519	5.28913023006775	5.199991830107	4.95030877239496	5.25235877280021	5.0831386545805595	5.562881752966981	5.47818162869895	5.28183655091449
ENSG00000165171	4.3500830263738	4.655763678050401	3.14450705365085	3.2010404907075696	4.16902715957898	4.32471464893895	4.393683504969729	4.05686679597609	2.8620322661607496	3.7518703175471	2.93197420195962	1.8310535056538102	2.40321459400822	2.4693018988298796	1.9544437137066901	3.03916698650591	4.30519633399284	4.78199757203459	5.24129850026268	4.6940651524658605	3.3261033054950695	2.82378795788663	4.760579437174309	4.69757214431817	2.79466143211339
ENSG00000272782	2.76419146266352	2.60100258128784	2.5758677095617597	2.54877686379829	2.25091574452894	2.1971154386655103	2.09458583893259	2.2452343681078197	1.4464544831978898	2.84633474576346	2.2338292039741696	1.6835258908035	1.99869441538441	2.5077387766814	2.22726980814305	2.398801500439	2.40591042488686	2.9101568348925095	2.50081940323438	2.26717830933906	2.497677295325	2.64246782327628	2.5390556657044803	2.756082365383	3.18264832692846
ENSG00000106484	7.94799891222793	7.99493049065266	8.288644646710809	8.19380014503631	8.12577642332677	7.980326966978401	7.79011040686745	7.721966547479429	8.07157021933638	7.11910243372048	7.74609289701613	8.13846140348123	7.706798974691781	7.87706103829924	7.927259391666929	8.13815696764703	8.230927880843518	7.81778055771927	7.720493116655169	7.665212095860291	8.232560893870371	8.11246006079235	7.67007432463872	8.1651871394695	7.687621573787429
ENSG00000157800	4.9882781281828	5.08688121405261	5.472359436506389	5.44443250715325	4.98028782202021	4.95697850029672	5.0626537513035395	5.027826758768719	4.77357753234596	5.0419011119099695	4.93344719153186	4.8581353996378	4.9176546487580906	4.92221309996552	5.07601711948398	5.11068060258154	5.09216909989641	4.96976532540726	4.86857003847735	4.9648079617776295	4.70272366424143	5.20154048055084	5.13182280738688	5.18733221439125	5.02777261162365
ENSG00000244479	3.54332596967318	3.05036964126568	3.08787692528273	3.1963521692161203	3.5795635565972996	3.0641299201031296	2.81377715383057	2.3789713601243903	3.79752326330858	2.99271954770455	3.04328243607765	2.55523386306963	2.72649491871691	3.3740864204606096	3.49220851619485	3.3065100449288196	3.54398329856644	3.67743261748612	3.73975706678279	3.1012451692817904	3.3517354892073703	3.7963990198001896	2.78865044238525	2.7198320552492796	2.95989565497968
ENSG00000205664	5.2812630730348396	4.92941361914942	5.808704483052581	5.51684197259876	5.0071112920972505	4.96724530727419	5.08176025040551	5.90617235668303	5.56493946607923	5.19054085525322	6.3803992977359405	5.69156043589836	4.811942055620469	5.05852206075132	5.55025532490852	4.7211407497572	4.86450604239275	5.20888587618824	5.30777352932145	5.71331847295966	5.13982378877479	5.25440558026187	5.469478645970839	5.38016239038208	5.14249326284389
ENSG00000234449	4.44016384380515	5.28881701819832	2.6865833567745097	2.6915182923711902	2.31301455683675	3.4084927753265695	3.7463372765119303	2.8039721058721803	2.9572339574312996	2.1757283331818	5.7959331871193	5.31178507599855	4.22524770915763	3.34562395486149	4.31302253339837	4.4603701336557995	4.152419930504999	4.5264938887520705	4.40147391261855	4.72357769736502	4.44156710254707	4.81901834466127	4.41559454544063	4.555845527127429	4.70278010822292
ENSG00000165169	4.21992041589565	3.9538227305531604	4.11298330629166	3.5831112216670298	3.9308655690366203	3.9112457098486697	3.88290927652552	3.9572128673781095	3.97439847709545	4.03388856513166	4.19444865313452	3.99960083262243	4.2013004361360595	4.17686969716875	4.101474460776879	4.01618985642012	3.84163521160754	4.22433207269921	4.01236928452416	4.29212005225035	4.22279316937009	4.0491634911014	3.81941838234991	4.05975341906014	3.99042647573271
ENSG00000187601	6.39066220121771	6.06934971170396	5.96228534317294	5.861416286254469	5.660848804545441	5.673183935024809	5.049170368920589	5.789048954141441	5.37779999717165	5.66851001230014	5.8198228765784	5.654132386335861	5.79217532408275	5.67775218887581	6.06253623904712	5.846213758806889	5.36158396397941	6.08709384630826	5.69233703093796	5.88170165313607	5.72456020332616	5.51932408799551	5.81874964236452	5.8949664473248395	6.01754930417775
ENSG00000073905	2.6877415323142797	2.67673029005746	2.1551409356564797	2.81925609785986	2.42412029287733	2.6997329453728502	3.02870883994567	2.85254533843994	2.7070563697394	2.4023710249523904	2.5664211678317903	2.49625938382809	2.2080072183720296	3.05299356520774	2.5335504792807297	2.58569039250298	3.1462846618613796	2.62696733476881	2.29057169999583	2.09562652050711	2.68402699780709	2.8650659803061003	2.25361095765468	2.10234953933446	2.65528210165544
ENSG00000176076	3.6581887401774402	4.3532368634921	4.25759399146134	3.53970273586547	3.20833504360394	3.8443309047740497	3.6671410597853304	3.67077650576922	3.89069159929138	3.58701176157498	4.17784534312573	4.31699934528836	3.0105831625189197	3.8513761048239905	4.30325875478386	3.8205169671177597	3.52942490219369	3.7722987499833702	3.9791599089913796	3.4177202559295203	3.61716345489741	2.80703652260181	3.40122691339113	3.6805288531605695	3.7203297629156102
ENSG00000129680	5.60161060612311	5.55361109541677	5.36026813142683	4.38421895875869	4.8831344674769905	4.61244383046309	4.57606993811657	4.80657842720977	4.811018574484019	4.675433448241519	5.540008840643281	5.427706144656769	4.77814128369609	4.7970362895516905	5.4542989253337	4.55452255677911	5.38733813041556	5.03087955322422	4.8877027884945194	4.80995916975895	5.04571050431834	4.6637236998223095	4.8261709197648495	4.9063847424727305	4.88783706397202
ENSG00000102195	4.23146117953548	4.05134624953666	5.50904529992657	4.71937778080701	2.59314848584234	2.4821346576412595	2.34734760983823	3.04292967104568	4.20365388417974	4.42094298635805	3.41003465362182	3.43476218455778	3.07960661286981	4.08275045334905	4.2343063180785	3.6797742481112796	3.58398046499808	3.56265935068014	4.76181723244762	3.63967123126343	4.784977645800639	5.841462301332201	2.68218531948434	3.7775888192624105	2.8273146126078097
ENSG00000121039	3.0476478057212697	3.26665927430776	3.55941531938636	3.48122356764909	3.3925146535186803	3.4438056982833904	3.53963863458086	3.25904313543907	3.2853931945782704	3.19702866800264	3.36244389172914	3.1918844108268396	3.44620767223058	3.1399395003379302	3.08941882975856	3.3117999581166697	3.1595286314851703	3.45693206453848	3.09550147791181	3.20221690557167	3.11795071173814	3.4001492943405496	3.03286611678432	2.9948766815305095	3.5855277928666096
ENSG00000226403	2.3907556806650896	1.98224267455984	1.66434633234522	1.94635036922257	1.80924976153893	1.40998892796635	1.6400300887611001	2.46969100542141	2.54552503934191	2.54765799159671	2.16323788357822	1.91970164074002	2.19872227320837	1.6397784054859998	2.3137137918975097	2.5917340836675398	1.3103348607069198	2.34804408068683	3.0592166496902595	2.9736913227024595	3.0906897502688997	1.69641808462247	2.42504587894969	2.2401641087775297	2.17785947743603
ENSG00000256968	4.0851906569624195	4.16379556774658	3.68911520109235	4.0968687629227505	4.00040711671064	4.4844718344297805	4.1410722864926	4.12706282347147	4.83857810399177	4.226481027165939	3.99677362369411	4.8368301030990395	4.788731071419849	4.1752024035669795	4.29536531589288	4.5106928557491	3.63899993725828	3.72056698998249	4.32632169564118	3.5918175750511896	3.81738495000771	4.13119068985349	3.7841426034203796	4.0891073735535	3.6288176500110496
ENSG00000176399	3.2330472654715097	3.51591730659653	2.76247790043527	2.4434290842998303	3.2826434329695298	3.12109469987086	3.36162188969293	3.3505480336968194	3.3635280839968997	3.18491953758025	3.40034087285258	3.10684732075054	3.62582378911349	3.51125316576701	3.45651937451705	3.3494517610707004	3.37515693300198	3.68091393621003	3.4906764349850397	3.2775401196802205	3.7091272891193996	2.9545051227426202	2.58214211744247	3.20572929518242	4.24364759451712
ENSG00000204860	3.30672865751929	2.8507158690080696	3.6049204576693703	2.79196123623195	2.8718164601714804	2.4486238007267596	2.4963448493163396	2.8906325079826303	2.60727349620315	3.1780412890453302	3.1705429003633396	2.7783457472451003	2.40169317364228	2.92619459885204	2.9238220543532902	2.87240785713219	2.27598530194817	3.10159414907834	3.0684279118125	3.18575345454915	3.05007268406447	2.4077563538466604	3.21343422447181	2.67859653263341	2.5889181166621
ENSG00000170161	2.68917975234883	2.6911965925859396	3.2408297739434397	3.00230889405001	3.55728982010233	2.7173602669148997	2.68605349121759	3.46578119896877	2.87328636220391	2.4346206013145197	2.18902562608462	2.28483166998485	2.1691105222563403	3.07602241168113	3.52185309710742	3.37929744928367	2.05144143393005	3.1195981610293595	2.97379505326352	3.23844613518924	2.8329517050002497	2.7618938398767696	2.85604757596912	2.68002535375523	3.2368141994418598
ENSG00000255145	1.9729763729031298	3.10344061617979	1.65706665040771	2.4400378771509503	2.85109124908611	2.14646843022376	2.9195541216122596	2.72951864876604	2.5670038533826802	2.7824844044109	3.06262350312338	2.4867064508527204	2.5968059375849797	2.7729527708102704	2.5307394537979904	3.00341405542799	2.36806276992434	2.9576830908317	3.3365090143157596	3.0158848579292594	2.99388505740696	1.6408744525708001	2.95951662186619	2.46432966478087	2.48969790372771
ENSG00000136856	4.818469127493031	5.07529467774435	4.7773964728929	5.12748931578028	4.83660975739754	5.1437985319038795	5.237064775643179	4.76790454105007	5.0907266834695	4.82888441740283	5.08486429504233	5.30994500856467	4.60816648260568	4.899108435850951	4.82624405035513	5.2415484808083095	4.7567895769191795	4.65014064594809	5.01186785355258	5.0630572386322195	4.99410113930724	4.9017367857531	4.873703920662571	4.71463985807081	4.735220013502571
ENSG00000165689	6.97775300764114	7.12414407237546	7.00093995727553	7.18572276873234	7.02252050800533	7.337337007561111	7.478820129392589	6.988154635472781	7.40325879908839	7.3358347740094105	7.13899561358135	7.477522769254019	7.11991439620862	6.94905925536458	6.92519963532132	7.621709886071071	7.13614672312894	6.97592534030751	7.095994446990909	7.441499876806709	6.23101237143522	6.52273533164292	7.00666264743783	6.80762898044531	6.9084706601662
ENSG00000266507	3.60982482382998	3.2192254670806597	2.70058355000275	1.7053491354421202	3.86853649219074	3.15027600086423	4.28146061532612	3.69904735245262	4.31256169560089	3.49054578749942	3.72799331971303	3.0977243559714704	2.47290993630225	4.0572602595683	4.57796106749135	3.9013699942317404	3.61544799237486	3.16651762075688	4.2539677869777	3.27649504225004	3.63661336348621	2.33858521298979	5.0073128759673	2.5163196366595604	2.71920480526132
ENSG00000165983	4.83736856634338	4.64962365465164	4.449945688876269	4.36424035883807	4.24194103572482	4.728468461713749	4.707934859317031	3.94001367921994	4.17051424359325	4.8381681645890895	4.41413092749587	4.2574880009193	4.676541109762121	4.28241542190418	4.29968261166974	4.45784663255979	3.83389691748742	4.17018779210126	4.07641398605779	4.26090683046204	4.1775631508335	4.61008971310918	4.50109535617912	4.52324240328804	4.55348031254613
ENSG00000171224	6.0503487259325	5.69364692918476	5.92532369396238	6.0470382617326	5.699290291751139	5.781988753507661	5.64403604307228	5.627493180474461	5.84833441354502	5.79862148342834	6.1454856562307	5.90108543810279	5.687609419801719	5.87721191308201	5.92197218214658	5.91808547728884	5.05144888444317	5.58909140553738	5.80138527590467	5.83963297410833	5.48996344379187	5.571606698436099	5.5040616053124	5.47299779624179	5.3036128089299694
ENSG00000213700	1.73640739942998	1.6608166422406798	2.8948316579749798	2.78250509771417	2.08535364743469	2.0262281231136297	1.6693398751484099	2.14710459601524	1.9109625488570499	2.1577005746123303	1.69164584145157	1.85669577384106	2.44336374130957	0.904620548646797	1.1311241338360902	1.61921209937071	1.9735946142219098	2.50306752007476	1.8824028450952	2.224211619812	2.23823759591829	3.4969851018169	2.57356567915998	2.28931000600742	2.60498951972007
ENSG00000138111	4.33945077828239	3.7927796764777404	3.93635136964463	4.1474437864299	4.23130283573055	4.31355823163986	4.1305406178787205	3.9312761411975403	4.02263545703482	3.8551132665938503	3.8914458737408197	4.09276194917795	4.44383441125013	4.33854587676975	4.3407250809537	4.44871447679641	3.26459100282454	4.13181424015127	4.39649753253197	4.07938779870678	4.24206041091836	4.42694644369683	4.35717514333366	4.0262493754558	3.76467811372423
ENSG00000166275	3.1594015012843597	3.78137891385782	3.75991042500836	2.7164509417302103	3.1258876354389304	3.02868206003497	3.2323402856446295	3.19718258830482	3.38712677695001	3.1174199790007	3.38448487076425	3.46514804751194	2.81281282986579	3.50764404594414	3.48538678371431	3.6365387097739905	3.3845969361648196	2.83164885547523	1.99261836057944	3.39400603123672	2.631755183511	3.21706783958438	3.04659278209634	3.30321831184011	3.5350604972313797
ENSG00000171794	4.7024757144155895	2.9794172892792004	8.50324621319321	8.94914067256048	4.67985202261084	4.883805243728981	4.970768466080361	5.152752509231361	5.586281924873691	4.00727900203777	3.3464733170066405	3.9719788660939503	4.48332931502791	4.33662201011484	3.41812559634792	3.6426465502055496	6.1093323672148	6.10203306636701	6.642435301808421	5.21446673100818	6.56527308432487	9.48847886731289	6.95078018637419	6.04002982986225	5.5095461286263605
ENSG00000177236	5.01265084357967	4.59694826327835	4.71021178803602	4.4889878774442105	3.7446840467178704	4.50424551242385	4.889627367962411	4.664235519302321	3.8243992182691002	4.3366029236100605	3.4023460516755004	3.1501832265236698	3.99906073449724	4.04194979910147	3.7011945907632597	4.52439741808242	4.58722066045763	4.10898326743745	4.260401913307581	4.49728801437867	3.59284536766257	4.11343564775319	4.13923625908009	4.26837237053778	4.77581763262838
ENSG00000238184	2.29932673438767	2.02221437646242	2.9705507855754303	2.7937359212542496	2.53683662182836	2.05095725416439	1.6956544495998502	2.31442180550629	1.45299450862309	2.33764042483671	1.7032265690525001	1.68022889362959	2.48817039358997	2.23430906625754	1.7754417064686598	1.54889952341267	2.12725390796301	2.35979415440764	2.69387255627613	2.78697476664275	2.52095627522246	2.2997861116840204	2.2945451897858	2.6529845419809197	2.3302291612649704
ENSG00000254418	2.3158704650946405	2.40698307667566	2.08900658214831	1.87798348844161	2.3291953377919103	0.0	0.5812133861049549	2.73856556315606	3.33222609486198	2.54765799159671	3.27768355695567	2.94674919942428	0.7426625789190758	2.65316302284377	2.33967222437061	2.18125304965476	3.2210958566553503	2.78679798577659	2.02017606928352	2.61860912265927	2.13210465382938	2.8078809136027902	2.02608481711946	2.09049594011142	3.58677115981323
ENSG00000240036	2.70109240281847	2.51327623478705	2.8544180610149597	2.88837978741664	2.40113366429603	2.31239337193733	3.30255210010276	2.5801205787722097	3.2422824860931896	2.76569250642018	2.49225892423879	3.5197502761350696	3.3860252102584396	3.3022190647633303	3.13390226532118	2.95792478926165	4.0824805118170895	2.7333238614543096	3.2158518853350495	3.2023619186267	2.5057381331149102	2.48483413335573	3.3439134840339704	3.12538215012985	2.72785689580742
ENSG00000175315	1.42093872259617	0.47384925404155104	1.4859094390181002	2.9576063734678595	2.39030658899138	2.56391383236567	2.43093020666047	2.04956050206338	3.1608463617383395	2.53340663925173	1.2480331675308	0.30538951658397195	2.7082117326038198	2.63870327393028	2.6176630909110896	2.54705246003043	2.47581589861791	3.26051062599877	3.5095838538147097	2.2197226841697697	2.95903674048227	0.962749022803438	3.1331601963652798	3.20851263309125	1.9857072463302
ENSG00000174080	3.71655141054439	2.4551409240689304	1.56336668482493	2.91479410017928	0.0780596669697885	5.615575810436731	2.7473495976880002	6.06499578622626	5.1198896283973205	6.023847545560429	3.45568040798495	3.3687513727892204	0.152625067909289	0.0	1.88477630752765	3.13966598335665	0.12695751536927802	6.398823174127751	6.07384726207661	5.1992377226637805	1.8733629814300001	0.0	6.642962588430019	6.3019221515747095	6.54293071910167
ENSG00000255306	2.72241037415334	2.43099673476543	2.4573505022807	2.16213200093927	2.2991740230353197	2.33252179512671	2.23440872393917	2.8971523561084904	1.09297068595713	2.3595072648488102	2.73325982978213	2.48556033621123	2.09752866184708	1.9229523502441201	1.6774314824823	1.6346015468494202	1.8889427311048501	1.88087452266044	1.8990237020745302	2.63647594123797	1.7573892834293798	2.04231270299446	3.11291083406244	2.6877603728889503	2.3544173257625
ENSG00000166435	2.9333929789428597	2.63903882679658	2.8884037946904395	2.9375418434374	1.82854071473953	1.86678280948515	1.73663333161857	1.96489832831528	1.4405316775083101	2.00884885115778	1.8723472782993702	1.85568968785164	2.67144651395041	2.4611937782958395	2.39883652891645	1.86629980330447	1.81618607126241	1.9860551615438402	2.1278017161869	3.0142029246469404	2.83231180324888	2.8447004474267	2.83630833069089	2.8792776731307597	2.71628400399436
ENSG00000164845	3.0081641809108994	3.61844410487018	2.41195163865625	1.29487091554218	1.9692606441752902	2.76869287701562	2.1996038141433196	3.33288253365094	2.7137134200750603	3.1536889864887	1.71154965518166	1.0566502923608	1.78172486591284	2.97560718659496	2.1481438831393502	2.5800344038090097	3.61544799237486	2.61570077598144	2.5352217006692404	2.96861584830047	2.77712741940825	3.01820890763843	3.1155315338911005	3.1668903325200897	2.56564712244562
ENSG00000175548	4.06568364113322	2.98381840499667	3.60328318051772	2.36304084129532	2.6962241808447702	3.39223263522185	3.14755829040703	3.0618154335691803	2.15174633910373	2.32758901263835	2.5184184113397596	2.85078050406318	3.7485465071547903	2.52360294174019	2.27004418033502	3.10853367138968	2.44440628656231	3.12114453043767	2.97654480614016	4.1602877316851	2.29162885759662	2.31687048166064	2.67625215947464	2.80715627933913	2.93997119329866
ENSG00000161798	3.15978912617625	2.92130757870131	2.0742952191533996	2.48514999772972	2.6346868979640696	2.5956445562582595	2.38737439163307	2.7990924859757103	2.51320878109335	2.66050162965775	3.30151097609548	2.8982052099024904	2.2545005588225	2.4271509580359	2.5638996927336697	2.7921975285907594	1.9624270981302898	2.77826495208183	3.1662771334409703	2.75018128349042	3.13000454254915	2.0204143379533703	2.4070270737859	2.16905380174656	2.43768275388023
ENSG00000139370	1.5846278236901798	4.975520024524309	4.635386762537849	3.78668422607567	5.008442474586309	4.91444608472971	4.891283466359869	4.54108148058614	4.1855354880019595	4.91255985219495	4.2897027183913705	2.15477061493326	0.270125507766349	3.8630640150757998	4.983832332254219	5.035423482405821	4.89995799096091	2.42148954634877	2.95300986932707	3.8190231910272003	5.00425642857342	5.27084904498001	4.41101598257154	4.2966814854502795	3.62173904396798
ENSG00000255992	3.0827697023242404	1.77592975118898	3.6391955117793704	2.81343078994784	3.27694740747673	2.42674991162196	2.21208989367283	2.72118622310234	3.2703814382823997	2.14184805057319	3.06184557227434	3.02514157882356	2.9685398880753397	2.3499979390706502	1.87569270711225	1.8701691690378899	2.5856323177832996	1.9971255533157701	2.4072696054319502	3.38047385919428	2.3590075584640497	2.75465742406309	2.15785635667141	2.05223209500538	2.49933514482933
ENSG00000120669	1.1373156518096699	0.8003092410110259	2.97616192182429	3.1217020649675096	1.0650751500664801	1.83858804550036	1.78789718623842	2.84830796904627	2.6068254025562503	2.85015521441714	2.72130210531889	2.61478073855799	1.22635792873722	1.76241916334425	2.12017801880483	2.29530080054448	1.11859204542921	3.5886784796220805	3.29284001943091	2.1660740959596003	2.88617310766455	2.59246547832908	2.34389598514363	2.3341912746983198	1.8706201152735702
ENSG00000151778	2.2143078891582997	2.64927769925927	1.9749656520193501	1.6691483005649999	2.54442419136854	2.39638053741734	2.13891549772014	1.92543057982968	2.90003007551619	1.84734727626066	2.5786547931378503	2.80970855904144	2.4905566425766	2.100973014615	2.61117442528734	2.8207188194204997	2.42751848981498	1.54764835552313	2.2234908537417404	2.6021120243917797	1.96431421484404	0.7830971895823989	1.8967477039773202	2.22463458713862	2.54067053009381
ENSG00000170345	4.48744292394412	6.000503607194131	5.1544548127578	3.76479704822965	2.57833827182771	3.7482263377357596	6.8207196245296	5.84713023623829	4.679184360799219	4.21398544393451	4.00385612408743	4.10362755240585	5.04164939728569	4.96091831116331	4.58986491928038	5.018018255756361	3.6647895245602995	5.02197930081903	4.766669944984481	4.30862710133934	5.15247221579085	4.19431776907384	5.10777189959281	3.6267852292661695	3.9723075228405498
ENSG00000140025	3.14048665357058	3.1255906204252595	3.0953622959182696	2.86806589205222	3.16776414944569	3.1059844436580497	3.08210361741729	3.16873859650383	3.0282103224365597	3.0316568984170096	3.3761290147084906	3.14782534452594	3.3031816074113602	3.06293203604743	2.99345250458925	3.3253636433124196	3.3714585967041897	3.0907451121516205	2.80387621068897	3.43614067500325	3.27088926930416	3.3737720718305497	2.88039235676822	3.13568461145732	3.27871176100686
ENSG00000258488	1.93172469653691	2.07452146559441	2.9339387388656	3.18291991307759	0.285770576440658	2.4093897299025495	2.28920271542369	3.65302823227385	1.60915489203575	2.42015027320308	2.02744947884648	2.14022363503166	3.0062785285154403	2.4110828780534197	1.9537153322586203	2.15811743703114	2.84028093613779	2.54030352218345	2.85547432924043	3.38456276232861	2.66449381455543	2.6078734697048	2.70461120817581	2.8545642685077204	1.57444726699526
ENSG00000140181	5.554842076892211	4.775253276203291	5.95956572326039	5.99709856452451	5.57686370502152	4.86848995190471	5.021701067510019	6.02242062039479	4.24846168778786	5.017947404307679	5.24275829812279	4.5733237613421505	5.753319147038651	5.00493924702433	4.39737927537624	5.4928463896058295	4.44027742097333	4.65732463449252	4.69904388020305	6.579891816989219	4.06773314924387	5.373005812148841	4.61664877125673	4.81100875592225	4.36846736977533
ENSG00000207014	2.59124095464652	3.90484466765011	2.3536085991638798	2.60159569812972	2.95965299729035	3.14577707255449	3.61822774918316	2.6725224772056	2.6527679766963703	3.11318554554833	2.69898696750853	3.82626922387151	1.43342427028639	2.9416082665356296	3.6973118577218997	2.7979428575191	3.7675351274712097	2.4521499183245896	2.7636126894191198	2.08654999357156	3.02206500558001	3.10134276401155	2.28737159774542	1.1217849197143301	2.99220208995161
ENSG00000248508	2.84919470756508	2.8967972056409503	2.7881466711286897	2.84912161654615	2.8742378362748395	2.3430500119838302	2.4548267791327403	3.63067028591272	1.9315804131685201	3.16458429749312	2.68662641978817	2.0026401811677803	3.38550682731986	3.23712811101483	3.23426725142927	2.74508514569139	2.52253805344398	2.83612005470852	2.65559642732002	3.50710538365475	2.5302699742279304	2.5584683046558703	3.04098739547063	3.21144433409805	2.38429698573316
ENSG00000239100	0.0	1.9401913298868603	2.72963437636658	1.34688363750864	3.36303622293806	0.0	1.7179668772396999	2.91590272892394	0.0	2.9983110144645297	1.4182911780221599	1.44389195384989	2.8509429621439506	0.0	1.3574169216297	1.23866297113158	3.31691755770014	3.72855717851664	3.7379985178246597	2.44610838776701	3.33765375212159	2.7094710225206295	3.38616584207053	2.07831332545861	0.0
ENSG00000140455	5.06482344627102	4.7347844689551195	5.29504000397708	4.703747052080179	3.9031123061915	4.23027172662797	3.89168012401139	4.54191103202812	2.44572972124986	3.85395555123704	4.9524892456164	4.42472810435133	5.3966626546953	4.68094933529816	4.48449471959978	4.81636475233509	3.8432670662718498	3.14041218795333	2.7247606428682705	5.41105247325901	4.29590120485259	5.27141083429533	3.42999700900152	3.89226579632878	4.07461560618285
ENSG00000206625	1.31469378701547	2.36092922168812	2.69486773713486	3.5238620428721	2.81127891546075	3.27987402430567	2.44653513560307	0.0	3.5797107735835896	1.2381314472264	1.3927514012991002	3.2267386098879998	3.33066022242503	2.4462325288951496	2.4738843470824703	3.53273804938177	2.58000285596037	3.16051441655802	3.87878932507029	3.2704364978992597	3.10254136126037	3.85436169863465	2.9805126936521202	3.0548106513553797	1.7952126135328201
ENSG00000261801	3.7359804622992496	3.90963877436432	3.55068447872401	3.2294186545564196	4.0099486253312895	3.9695457873510294	3.90730366937352	4.12383748411814	3.79128428217515	3.8115239644618897	3.98884037076316	3.60132928326505	3.81819381430533	3.9475256740574904	3.99364802099355	3.9910268384605097	2.8285232851024995	3.597528295168	3.56429880304016	3.7879543703991496	3.41288266590773	3.22746599406753	3.898729045715	4.12783014902835	4.27535875921921
ENSG00000166426	9.64446239351493	8.91953744962142	9.745492906367609	9.843592335120091	8.86177292324251	9.106806981552118	8.70124092271541	9.022549385794711	8.97950610286269	8.86619218487451	9.24214089231476	9.836429224751491	9.92547823793171	8.68120450040756	8.88283592149323	9.1104022534443	8.30602949208452	8.66600263207487	9.0675709211908	9.497222699259119	8.69910216240927	10.108928279811801	9.624144066313029	9.58635897713117	9.13255167982967
ENSG00000228201	1.6068136300924298	2.1420316766551597	1.00286402454803	1.6151582609661999	2.4732626874184	1.7640724059761501	2.0217691504901	1.8581923055221998	1.8412416407068601	2.24425555244499	2.04627335103396	1.72244324877449	1.96630389858565	1.94711497080946	2.2506774953809	1.8257097453884097	1.9027739642680501	1.96811223207667	2.5145359286480002	1.5765768908833102	1.4539769184885702	1.51181572937166	2.67169886921444	2.4843428469893905	2.8984258271140497
ENSG00000205534	4.45984703896641	4.7221298642312695	3.79326052439054	3.87277465676962	4.2326825835886	4.17675468845908	4.68510256779159	4.533290690063019	4.672919408348419	4.47974599394694	4.18662568506959	4.04789957238694	4.46147357291651	4.4149548510717604	4.41498305332272	4.4478698192689405	4.74621998132537	4.19658187907632	3.83720099205298	4.1486251958045	4.16487531545681	4.05864811880314	4.26606296976165	4.20329693372098	4.35076374103616
ENSG00000185947	3.90646567354117	4.2240921996785294	3.3421790189767004	3.9843481299261896	0.036277095339381005	4.17108833196976	4.13820516805602	4.1449488669237	4.68289595316969	4.30654942278107	4.44073100853755	4.602305748576481	4.06757664849079	4.40300070290073	4.13746568260566	4.333959395774	4.85990038080307	4.55245624724129	4.0634263427014705	4.35005436479382	4.692147191396169	3.66020585759686	4.08903805789133	4.23091510941126	4.133937495545299
ENSG00000103034	4.25292780406095	4.21166415026922	3.26952163497104	3.5402324847099798	4.30814334796031	4.37253496251887	4.29094677069227	4.26508806316649	3.86034684296583	4.297181907834069	4.08855359375592	4.08018739647073	3.8174317161868196	4.1144078266390895	3.90809884123571	3.9458098294171102	4.08182053499419	4.41993976308381	4.71495883306614	4.2806213626905	3.96520622590392	3.43245511907974	4.254988402705	4.18493524518588	4.0819461555511305
ENSG00000262227	2.4149212679219	2.6059797971926	1.93929420133303	2.07207295304449	2.34794851860623	1.4286473527491	2.00908285408661	3.0728578565627904	2.6940102483601898	2.38468413908396	1.94164864263985	2.7050290139490003	1.4644177726099399	2.5599288206835	2.72303159579736	1.6103548499703797	1.4287779101908702	3.0796084698267903	3.05691061458381	2.52581614418523	2.15018010130339	1.95456714157756	2.6161056747645803	2.6016149995814	2.47455367268815
ENSG00000170175	4.71471569583165	4.676673101514639	4.555137993721231	4.744723694312969	4.52238646939729	4.23174721591505	4.31834537598832	4.6224679479721305	4.45481469377921	4.69614883544945	4.53242678717052	4.32886670347573	4.4822198185095505	4.62765722076491	4.67076763407465	4.76377863630137	4.46646811820445	4.74832965430117	4.93793621621184	4.52705094754879	4.75718625932643	3.99475213111615	4.28006128669156	4.37291742282356	3.9770788879297503
ENSG00000125430	3.05229336686262	3.29648110973491	3.7682111192294	3.39395823378388	3.52356191891207	3.6557309400281	3.9405003029308303	2.63261484299901	3.39042968027752	3.68554814926704	2.96471065147588	2.9942296878111203	3.11221670116768	3.50840430205056	3.4620986870939396	3.2654904619187497	2.8538687010141004	3.530458685018	3.44741221052103	3.2181371994228702	3.72028696139849	4.5900126882263095	3.5786402327338798	3.14207367745727	3.8649537557431697
ENSG00000260907	2.65658785464843	2.05722793859039	2.08900658214831	1.54158898888897	2.2730895291113398	2.3206002901842595	2.88333125778831	3.33899934450316	2.48172827127069	3.07781840697114	3.18216647767293	3.1508362353400696	2.387342375858	2.13783235499736	2.03377988996927	2.01092500297396	1.7564071512610702	3.4962754383315295	3.1471669531933797	2.8566557650981896	2.89624971717695	2.61942359400595	2.3905684725833396	2.7484140434198703	2.39195009848811
ENSG00000168792	2.36881092370229	2.1803825506365	2.68623850014134	2.2893252532955097	2.04883693769274	1.84614378210852	1.82877561808265	2.56766091396817	2.0602161059761204	2.09724193970071	2.53469435333998	1.80353972392459	1.90459056214943	2.12369273618622	2.24923153856091	1.9538419385615302	2.2464993157464903	2.5580214449480696	2.30188889849863	2.80093595556189	2.47486344284526	2.6261335855353396	2.60041248363487	2.67388605331071	2.7129460222424604
ENSG00000092871	3.96034162165977	3.99167020415515	4.33803074948037	4.23295751495467	4.2340828278015605	4.33858449646741	4.16393790987556	4.26589167855998	3.7115305592979597	3.83002914029913	4.08937829998703	4.39462352107485	4.01331705360436	3.7837088260860803	4.0275421765634105	3.99422169854334	4.40613425570198	4.06805839220156	4.06780979694724	4.87040847197453	4.53485815636174	4.76099205910817	4.340839197268	4.28508019318091	4.4406426468349505
ENSG00000227694	1.59814665686597	1.52589905650493	2.36343006527907	2.8349448642760997	3.35471623806918	1.36930264400967	1.59566936574164	1.66376913339935	1.27638021162979	1.7948230718817901	1.5092924153219802	1.8715855497593399	1.90477456115854	2.23471102340348	2.62629067522614	1.76639159903439	2.8523221166202197	2.61156509132911	2.50388329757308	1.8559545409564497	3.0825563864801198	3.30305213421091	2.51034153333952	2.88853965529823	2.66269036850949
ENSG00000266176	3.40752020377573	1.47614621803157	3.0134817192514904	3.86512027034367	2.68813166096685	3.4473250205118595	2.81548604070568	1.9553680490749699	2.82129871682255	2.05692506436671	2.86846563191617	3.26966884616516	3.00456128234426	2.8346816984858703	2.6991796506988104	2.83767059328106	2.6936613086255803	3.69743703279697	3.42557070342058	3.5150292600885	2.9754842641395096	3.3778594483892204	2.1899433362636	1.23232885765105	1.69373823100544
ENSG00000261780	2.23509892739516	2.0402663401123102	3.0672512853847005	3.33670508549846	2.9754543899209795	2.06912477970257	2.41790244523896	1.82536884794626	2.78435285117212	0.92204701510093	2.81573762714965	3.0000237229563904	0.19162668900035298	1.52788727952001	2.7623117940752797	0.641046067647714	2.35005489414214	3.13446599409854	3.73690866108521	0.421161422360529	2.4014585148297503	3.49293353853898	3.0614543419373597	3.1146743730475004	2.2906581037484397
ENSG00000125775	3.1480650139976096	3.47331899817548	2.77138256861977	2.86457872699004	3.0160471833624602	3.00429953271586	3.2397708266301	2.99917411102356	2.86968204886218	3.27482674922634	3.4426061134617996	3.1785343450499397	3.10249178061198	3.51158126201211	3.6097451210860596	3.7123519664619202	2.72339933098236	2.8825310082106603	3.1529991981977004	3.35142222367343	2.57678658842942	2.15494717735256	3.17924101525564	3.47417944856405	2.8102559097979505
ENSG00000088833	5.960332354178929	5.76688756951842	5.68299308345649	5.98916610868679	5.782489847664981	6.012138939267531	5.88689891141044	5.87341617807739	6.093799360761089	5.82485435315333	5.869611573658509	6.22230244093641	5.74150865195732	5.71812166309456	5.92283226036147	5.94761996381525	5.93280737666738	5.6729523190139695	5.9573550617768705	6.00597043417287	5.62983290534358	5.685549803366389	5.734343400486409	5.76312944237637	5.878976760379651
ENSG00000214078	7.47166426830374	7.524284502269059	7.7730319099721505	8.09977077215349	7.50391701254737	7.604245519958449	7.5353190365147995	7.48880252046448	7.38482887114353	7.60560006782259	7.23699032992751	7.232447709413821	7.361624622429741	5.33836813638583	5.75735919742071	7.44303341938419	7.31362443084525	7.681931971787139	8.03756654868732	7.55126543408316	7.66960276824695	7.48606917306473	8.10156813091264	8.15128095709629	6.714858586655951
ENSG00000053438	7.5627537178242505	7.833810853880731	9.77123057712192	9.654263490231061	0.0	6.7842416808020305	1.4585183383737998	6.052652825910441	6.757078685380059	0.6432506460344211	7.0393231613775	6.91093318904676	0.321629557434605	0.166912562998641	0.461194245280734	0.28519669328206504	7.40519452978415	0.0	0.360005942195553	7.41064255546528	8.28760273091285	8.66935466220349	7.7741997908804406	8.08359360687316	8.48837822191231
ENSG00000168612	4.73219211645083	4.6364999504131506	4.71405667302684	4.6900754502060895	4.96247829867285	4.99884233112814	4.665661721468259	4.62813330971463	4.959785936830349	4.798753244745201	4.679591926671179	4.87937755637017	4.76558867438579	4.68392363608677	4.716417181580749	4.54340628674433	4.63292767996371	4.767542201664719	4.64997682968981	4.81395370911791	4.75765600918192	4.974321792319969	5.062016768197919	5.01405650058515	4.80338381183165
ENSG00000269425	3.07316046805617	2.8770340703291	3.2324825536297594	3.2676853450859396	2.75936201134374	2.66591442649091	2.5095301752949397	3.05682161482297	2.9265707343913	2.9588719315044503	2.24521104490893	2.27741495753319	3.35985695982771	2.4727279318276802	2.50049174906367	3.18745831265686	2.26883304246934	2.92579589033943	2.30557818169537	2.9324945104051	2.96187981020171	2.94720455725093	3.4767866772808795	3.10588085286569	3.32215155762666
ENSG00000267980	2.9685191958667403	1.6670838862465802	4.01632547450269	2.1515807528090503	4.32143289093768	2.4591278749698198	3.19217512753147	2.9292619565130495	2.9926729155650698	3.57472444375269	1.39633914389998	2.27434167400364	4.51579273879116	2.8841249590237497	1.7637279882769998	2.6998888370913194	2.96068687342036	2.37199198955572	2.83702316521385	4.59441553312596	2.87771558478694	2.16221293969028	2.7585136289472203	3.00712726692161	3.53992193710385
ENSG00000267106	2.83087298596155	3.0392964218787197	2.62183103740188	2.73357071925069	2.82423210059752	2.61412745752327	2.7765962944549	3.3148932562622004	2.86605691638346	3.0427522327190397	2.14897664433799	2.97018356973768	2.53258951826217	2.6271471859979303	2.63136803820547	2.80316972102011	2.9483332321752695	2.63180654213201	3.10375810865879	3.0033801683890404	2.72390671958367	2.92337508228985	2.7209860630095295	2.76124750625644	2.7076023949188195
ENSG00000105771	5.420973703138701	4.80282679363596	5.16999574198112	5.29274320672368	4.71601865701952	4.670692149982849	4.97626374567466	5.15875783245412	5.2508299303325705	5.14631461209922	5.10306074485238	5.174404796209839	4.75573282779594	4.74881542532184	4.7322937908504805	4.5216068310573	4.99477609561147	4.86230785440642	5.30034322279461	4.66205706676503	4.99286919339265	4.668631540162179	4.93951568908065	4.851761473117559	4.68159742739799
ENSG00000159885	3.05493285385835	3.43263939793638	3.13737587464685	3.4300260935204	3.2752331928797003	3.2003162056339707	3.58461145086298	3.15436680068873	3.46382262394025	3.04603283859321	3.1959539799406897	3.4483817711176097	3.34999039427457	3.2566621293787796	2.85716897160065	3.4253640758459705	3.69710343812128	3.29839281203812	2.7780761144022	3.5394223144423997	3.2602339323028904	3.43048514734959	3.3425213918112098	3.6557022097147405	3.28936933082143
ENSG00000180257	3.23754280792383	3.56356955492177	3.9047468500597398	3.5548025240840797	3.3240521939812897	3.28605182589724	3.27043176729186	3.2302683699203505	3.19069325293508	3.43504594512869	3.00493664355593	3.4239882341273202	3.34094448858181	3.3378710100095295	3.2113130161440897	3.53591638086149	3.80773376084319	3.58985740405846	3.4302628114731197	3.5399216571878798	3.5857771339233304	4.04828211490274	3.74565490313352	3.8757649414348103	3.66521281311774
ENSG00000022556	0.7490778345264609	7.23019109876177	4.72388679306143	4.330773499052	6.03680974023814	5.5450431293831395	6.50032890872489	7.07691880559041	6.00610054208126	6.54011440789636	6.25692049130595	4.00456315466448	5.64132859907504	6.2568689972475005	5.9035098944214495	6.7535328538810395	7.24719179637021	6.82660400218316	6.56852102021454	6.3939925621705305	6.6931670621608905	5.842095177110079	6.769532747508769	6.7328595922466805	4.82607905832826
ENSG00000220023	4.8283895093324105	4.4225901098699	0.0892468883532999	4.13572250858358	3.2029430944174395	1.3000468194086698	0.7324654860737221	3.96626296107601	2.6193421897374196	3.5821555489977404	0.295603188468019	1.22955309568517	4.728177087327861	4.63869685956269	3.8619144188694703	3.99763280106757	5.24460989442372	3.7643380867617102	3.57372759438802	4.80310649018734	0.0	4.35357471845703	2.12903660623343	3.3558958987924905	2.33926598748218
